Distribution; Statistics; p-value; Parameters
beta;0.004370445484368268;0.9910153534124246;(26.318684810984635, 13.422294527122215, -34.48637036185983, 188.0087941377443)
johnsonsb;0.004322945269256223;0.9921247449048566;(-1.734618274179105, 3.3138251980908353, -35.595537585246106, 200.88197032199284)
johnsonsu;0.008456234989088846;0.4719919997914688;(14.136386462375164, 11.240748169056907, 222.82647005561262, 81.84247142518959)
loggamma;0.00827133502247493;0.5006921932541001;(19.6518757205164, -90.05543788256642, 60.9917239530092)
powernorm;0.009074296267382181;0.3825544956546957;(3.2256623654796486, 106.96279542734918, 18.94841134460988)
skewnorm;0.01835117883166537;0.002376401022160779;(3.438089190099565e-05, 90.02311134603355, 13.930449611734467)
