Mean, Lower Bound, Upper Bound, BS Mean, BS Lower Bound, BS Upper Bound
90.02349343439931,89.75041492909355,90.29657193970507,90.12479078813469,64.27377486482962,118.38494054726442
