Mean, Lower Bound, Upper Bound, BS Mean, BS Lower Bound, BS Upper Bound
119.53310884611949,119.41999790832975,119.64621978390923,119.43482772644143,107.97682413588518,130.31370455019118
