Mean, Lower Bound, Upper Bound, BS Mean, BS Lower Bound, BS Upper Bound
86.52999815546555,86.24556016017365,86.81443615075744,86.51225790485722,58.477892714458875,115.47509993210186
