Mean, Lower Bound, Upper Bound, BS Mean, BS Lower Bound, BS Upper Bound
137.080001394271,136.8774565533269,137.28254623521508,137.07852684656206,116.63719775908487,157.72564693530276
