Mean, Lower Bound, Upper Bound, BS Mean, BS Lower Bound, BS Upper Bound
82.39555436486495,82.18657654257635,82.60453218715355,82.41760640132475,62.58367619781441,104.15139712718164
