Mean, Lower Bound, Upper Bound, BS Mean, BS Lower Bound, BS Upper Bound
106.65302072310703,106.53764949127311,106.76839195494095,106.62279728984075,95.56789652832087,118.6047559290158
