Mean, Lower Bound, Upper Bound, BS Mean, BS Lower Bound, BS Upper Bound
139.56402328345297,139.43795010308983,139.6900964638161,139.65046525520515,128.04160947961665,153.28418860534447
