Mean, Lower Bound, Upper Bound, BS Mean, BS Lower Bound, BS Upper Bound
135.86497082256955,135.77545711235092,135.95448453278817,135.7789965701945,127.31078972844989,144.78476320279344
