Mean, Lower Bound, Upper Bound, BS Mean, BS Lower Bound, BS Upper Bound
97.99628247174826,97.94659016166446,98.04597478183206,98.02823375333611,93.3381452274819,103.1814292009718
