Mean, Lower Bound, Upper Bound, BS Mean, BS Lower Bound, BS Upper Bound
112.35489988676598,112.13610501557059,112.57369475796136,112.37498212512787,91.37619780493557,134.72318503101798
