Distribution; Statistics; p-value; Parameters
beta;0.004901274729133931;0.9699104490720256;(20.787850199408407, 29.8240262911863, 84.77805036343112, 84.40067609273487)
johnsonsb;0.004840259565051297;0.9732532649848039;(1.1187720482048618, 3.9495149157884177, 78.738784834938, 94.50396114585612)
johnsonsu;0.0068076514412242495;0.7429711619757637;(-15.878717023124633, 19.60965885333087, 43.61859189434797, 84.02805413261248)
loggamma;0.01011702948688803;0.2576655145392125;(877.1521276219356, -1051.4711229876725, 172.79825016802096)
powernorm;0.006290990865558732;0.8235724686770293;(0.5682575152067386, 116.72853607017456, 4.836150314244698)
skewnorm;0.0074453784033607084;0.6363683829936797;(0.8607399531008264, 115.9197288205767, 6.7694895295156)
