Distribution; Statistics; p-value; Parameters
beta;0.005314197230394335;0.9402376411737066;(41.70657778386594, 27.171749732502924, 45.531954217319466, 100.89961013647715)
johnsonsb;0.005326740180116085;0.9391405240416869;(-1.5311474210203395, 4.597826178819011, 41.08977326970498, 112.6925089196088)
johnsonsu;0.00730713666962296;0.6596829076814752;(18.72862019289736, 20.621777715668088, 194.25094902682687, 84.29111278091781)
loggamma;0.007317368801465385;0.6579572187167133;(88.6123237427017, -141.38771689389404, 55.377684886871585)
powernorm;0.007804875873630823;0.5761903282197596;(1.6673037211393043, 109.53878167054407, 6.814372570019474)
skewnorm;0.007729476925478929;0.5887144502236865;(-0.874826956320494, 110.27084276319268, 6.9334694767524905)
