Distribution; Statistics; p-value; Parameters
beta;0.008157040050265352;0.5188162721305682;(824.6504180405932, 167.66187375433313, -175.36693424653117, 374.3847797708952)
johnsonsb;0.008220311181450057;0.5087489955878582;(-7.125685856807435, 9.584135284224349, 3.3076543039452098, 195.55247020563678)
johnsonsu;0.007876373583647733;0.5643814494442247;(10.941154973337621, 15.943353249207785, 178.0160976724648, 56.87941176725295)
loggamma;0.00802203145128394;0.5405620481368186;(79.15429867627503, -36.55915547557961, 39.47718883932373)
powernorm;0.007521842475108564;0.6234910912169487;(1.7659128292954827, 138.2211764056637, 5.220133784168293)
skewnorm;0.007549378277133034;0.6188605852360273;(-0.9193275955257023, 138.61755272089619, 5.288744194093647)
