Distribution; Statistics; p-value; Parameters
beta;0.006376936166068381;0.8108008007454918;(22.363321227568726, 12.284824297999126, 77.62315407910168, 31.581220443533795)
johnsonsb;0.0064294926442635125;0.8028454476331052;(-1.504189665481012, 3.168369578300595, 76.79118378733763, 34.559984245139134)
johnsonsu;0.00714223559454763;0.6874454175362625;(14.600031684705222, 11.91194254315569, 123.3263385476451, 16.2087363402007)
loggamma;0.007256301068774396;0.668253349604886;(22.52350418537297, 61.27845911038601, 11.87778651038214)
powernorm;0.007917971732998796;0.5575445165021671;(2.9171605741911977, 100.79081851953427, 3.3621520326970575)
skewnorm;0.013388075673064881;0.05548261365713906;(0.00013200989988820417, 98.00663768938327, 2.5299867742965954)
